Player,Bianco Hills,,,,,,,,,,,,,,,,Ricco Harbor,,,,,,,,,,,,,Gelato Beach / Mamma Beach,,,,,,,,,,,,,,Pinna Park,,,,,,,,,,,,,,,Sirena Beach,,,,,,,,,,,,,,,Noki Bay / Mare Bay,,,,,,,,,,,,,Pianta Village / Monte Village,,,,,,,,,,,,,Delfino Plaza,,,,,,,,,,,,,,,,,,,
,Ep. 1,Ep. 2,Ep. 3,,Ep. 4,Ep. 5,Ep. 6,,Ep. 7,Ep. 8,Ep. 3 Reds,,Ep. 6 Reds,,100 Coins,,Ep. 1,Ep. 2,Ep. 3,Ep. 4,,Ep. 5,Ep. 6,,Ep. 7,Ep. 8,Hidden 2,100 Coins,,Ep. 1,,Ep. 2,Ep. 3,Ep. 4,Ep. 5,Ep. 6,Ep. 7,Ep. 8,Hidden 1,Hidden 2,,100 Coins,,Ep. 1,Ep. 2,,Ep. 3,Ep. 4,Ep. 5,Ep. 6,,,Ep. 7,Ep. 8,Hidden 1,Hidden 2,100 Coins,,Ep. 1,Ep. 2,,Ep. 3,Ep. 4,,Ep. 5,Ep. 6,,Ep. 7,Ep. 8,Hidden 1,Hidden 2,100 Coins,,Ep. 1,Ep. 2,Ep. 3,Ep. 4,Ep. 5,Ep. 6,,Ep. 7,Ep. 8,Hidden 1,Hidden 2,100 Coins,,Ep. 1,Ep. 2,Ep. 3,Ep. 4,Ep. 5,,Ep. 6,Ep. 7,Ep. 8,Hidden 1,Hidden 2,100 Coins,,Airstrip,Airstrip Reds,,Beach Shine,Box Game 1,Box Game 2,Box Game 3,Corona Mountain,Chuckster,Gelato Pipe,Gold Bird,Grass Pipe,Jail Secret,Left Bell,Underbell,Light- house,Lilypad,Pachinko,Right Bell,Shine Gate
,,,Full Level,Secret Only,,,Full Level,Secret Only,,,Any Nozzle,Hover Only,Any Nozzle,Hover Only,,,,,,Full Level,Secret Only,,Any Strat,RTA Only,,,,,,Full Level,Secret Only,,,,,,,,,Any Nozzle,Hover Only,,,,Full Level,Secret Only,,,,Full Level,Secret Only,EYG,,,,,,,,Full Level,Secret Only,,Full Level,Secret Only,,US/PAL,JP Only,,,,,,,,,,,,Full Level,Secret Only,,,,,,,,,,,Full Level,Secret Only,,,,,,,,,Any Strat,RTA,,,,,,,,,,,,,,,,,
EquivocalGenius,50.61,1:18.99,36.98,13.67,42.70,2:13.99,1:11.11,38.86,16.05,57.67,39.55,39.55,1:00.78,48.47,2:40.68,,51.82,16.78,14.70,43.92,30.04,56.05,1:37.02,1:33.28,15.16,45.13,59.81,2:13.06,,39.31,18.74,1:48.16,1:15.07,1:02.03,11.11,1:10.48,18.86,27.60,30.03,41.09,41.09,2:45.29,,49.63,41.98,28.57,34.29,52.91,43.71,52.06,27.35,1:22.69,10.82,1:22.67,42.26,1:26.24,1:46.86,,1:37.34,51.88,33.88,22.69,50.68,23.24,2:11.39,x,2:26.25,22.10,4:09.76,1:10.12,43.12,2:46.54,,54.35,27.96,44.01,1:33.39,12.94,54.78,29.85,15.50,1:12.97,34.06,1:07.12,1:38.79,,43.75,12.78,29.28,44.17,49.32,27.19,2:17.13,18.63,1:22.08,1:01.28,34.69,,,,,,21.77,22.36,20.93,,1:15.25,12.16,15.87,32.48,49.14,22.74,28.85,6.36,25.64,,27.94,20.07,24.78
Oatflaker,51.90,1:19.25,39.55,13.97,42.96,2:11.13,1:12.62,39.36,16.00,59.77,40.19,40.19,1:02.15,50.60,,,50.20,16.91,15.50,44.39,30.15,56.55,1:33.71,1:33.71,16.77,44.53,1:01.65,,,39.49,19.13,1:46.16,1:08.08,,,,18.24,27.12,31.85,,40.95,2:32.01,,,42.10,28.82,32.94,52.64,42.46,,27.54,1:18.65,13.24,,42.29,1:26.14,1:24.97,,1:31.17,52.12,34.88,24.03,51.52,23.51,,2:31.00,2:20.41,22.10,4:25.11,1:08.32,42.19,2:23.28,,54.34,28.73,47.67,1:33.13,13.44,54.98,30.68,15.50,,,1:09.89,,,42.94,12.61,29.55,44.38,50.93,27.05,2:17.19,18.51,1:25.56,1:04.51,31.39,1:30.38,,,1:31.71,1:29.68,,22.13,20.09,17.72,1:16.98,11.56,15.63,32.02,52.64,23.00,25.88,6.77,25.61,28.11,26.28,20.11,24.61
nindiddeh,,1:19.18,37.18,13.89,42.76,2:21.79,1:09.91,39.56,16.01,,,,,,,,51.16,16.45,14.93,44.41,30.15,55.66,,1:33.76,15.10,,,,,,,,,,,,19.60,27.35,,,,,,,42.28,28.87,33.22,52.80,,,27.52,1:24.73,12.49,,42.26,,,,1:33.14,50.72,33.81,22.86,48.87,21.14,,,2:26.58,22.42,,1:10.12,,,,54.04,28.22,42.88,1:30.52,,52.11,29.68,15.60,,,,,,44.04,12.74,29.54,44.57,53.17,27.79,2:18.16,18.37,,,,,,,,,,,,,1:16.99,,,,,,,,,,,,
Weegee,51.35,,37.10,13.67,42.43,,1:09.53,38.61,15.97,,,41.89,,,,,,16.35,14.30,45.90,29.98,,,1:33.78,15.00,,,,,39.12,18.64,,,,,,17.90,27.95,29.85,,42.22,,,56.38,42.05,28.61,,53.57,46.33,,26.98,1:29.57,10.70,,42.42,,,,,50.78,32.92,22.40,,21.30,,,,21.95,,,,,,53.84,27.49,,,11.64,52.20,28.37,15.57,,,,,,,12.44,30.05,,,,2:18.73,17.84,,,,1:34.01,,,,,21.32,23.16,21.10,21.10,1:18.83,10.73,15.85,,,22.63,,6.36,25.31,,,19.77,
Jpep,,1:19.58,37.20,13.82,42.49,2:22.36,1:11.09,38.61,16.04,,,,,,,,51.72,16.68,,44.03,30.02,55.40,1:36.45,1:33.61,15.02,,1:01.54,,,,18.84,,,,,,18.10,29.21,30.25,,,,,51.20,42.12,28.60,34.21,54.17,,53.35,27.14,1:20.66,12.59,,42.46,1:25.97,,,1:56.30,51.49,33.98,22.89,51.81,21.26,,2:29.47,x,,,1:11.32,44.06,,,54.43,27.61,42.30,,13.34,51.00,28.45,15.60,,,1:11.12,,,43.11,5:34.93,29.34,44.44,,27.49,2:16.89,18.53,,,,,,,,,,,,,,11.83,,,,,,6.76,,,,,
Jcool114,52.60,1:23.10,39.07,13.96,43.13,2:21.29,1:12.36,40.19,16.13,1:10.99,,34.45,47.50,,2:54.54,,54.27,17.38,15.37,47.48,30.72,57.01,1:37.82,1:33.61,16.66,1:02.19,59.55,2:08.92,,42.21,20.14,2:17.49,1:17.59,51.26,11.78,1:26.26,19.61,29.62,35.62,,39.62,2:56.61,,56.29,43.89,28.91,33.59,53.51,45.67,55.42,27.66,1:25.96,12.74,1:44.90,35.52,1:20.50,1:54.27,,1:32.26,55.83,34.85,27.23,58.00,22.50,2:31.56,2:21.23,2:21.23,11.59*,4:24.00,1:06.68,40.05,2:52.08,,54.21,28.72,45.88,1:37.60,14.01,54.51,29.95,19.27,1:18.78,43.43,1:05.48,1:59.04,,43.36,17.88,30.18,46.70,54.36,30.08,2:16.49,18.78,1:28.18,48.67,41.27,1:48.42,,,1:33.18,1:22.47,23.81,17.47,15.63,10.99,1:21.51,27.51,16.30,36.02,59.29,27.61,36.12,7.49,32.45,47.49,31.04,29.92,27.78
Reed,53.70,1:20.38,37.72,13.96,43.23,2:34.41,,40.03,16.14,,,,,,,,55.85,17.64,14.93,45.25,30.78,55.84,,1:33.71,15.20,50.37,,"2:21.96
",,,20.08,,1:14.22,47.36,,,18.22,26.58,,,,3:56.99,,,,28.74,34.13,53.30,50.85,,27.91,1:22.88,12.77,1:25.44,41.86,1:15.58,1:40.85,,1:37.78,53.14,34.51,26.09,,21.74,,2:30.40,"2:26.12
",25.66,,1:09.19,40.99,2:18.20,,54.81,28.65,,1:32.56,,53.51,30.79,15.60,,,,2:01.18,,,,"29.82
",,,28.15,2:17.06,18.41,1:40.22,,,1:36.82,,,,,,22.66,19.80,,1:20.46,,16.03,,,,32.79,,,33:04,,,25:42
Larvitar,,,37.61,13.97,43.70,,1:12.07,40.29,16.10,,,40.02,49.07,,,,,17.14,16.03,44.93,30.39,,,,15.16,1:04.18,1:00.51,,,44.27,19.40,,,,,,19.60,31.69,30.75,,40.14,,,,44.39,29.05,39.10,54.34,46.73,,28.36,1:34.45,13.04,,42.16,1:26.31,,,1:43.26,52.28,35.11,25.03,53.21,23.58,,2:28.88,2:23.31,26.47,4:17.00,1:07.45,43.19,2:26.79,,57.53,29.79,47.45,,13.58,52.45,29.91,15.98,,31.25,1:08.12,,,46.17,13.64,32.83,,,32.12,2:11.25,18.36,,1:01.71,,1:40.16,,,1:30.01,,,,,,,13.56,16.20,34.69,53.34,23.44,,7.00,,34.85,27.90,,
Fech,,,37.24,13.86,43.04,,,38.95,16.03,,,41.46,,,,,,16.62,,,30.24,,,,15.04,,,,,,,,,,,,18.11,27.22,,,,,,,,,32.56,53.00,,,,1:26.59,12.47,,,,,,,55.42,33.83,,,20.93,,2:32.42,2:28.57,,4:25.27,1:11.86,,,,54.71,27.62,,,,50.96,29.14,15.94,,,,,,45.36,12.88,29.68,44.56,53.46,,2:19.49,17.74,,,,,,,,,,,,,,,,,,,,,,,,,
AverageTrey,50.51,1:19.79,,13.94,43.9,,1:12.20,40.39,16.00,,,,,51.24,2:22.53,,55.55,17.02,14.45,46.70,,55.7,,1:33.5,,47.27,,2:06.44,,,,,,,8.81,55.51,,29.82,,,,,,,,,33.43,,42.82,,27.98,,,,,,1:33.93,,,,35.68,23.46,58.67,,,,,25.03,,,,2:19.92,,54.48,28.99,42.94,1:34.08,,54.94,30.68,,,,,1:46.56,,45.13,12.57,29.91,,51.43,28.79,2:15.59,18.26,,,,1:30.09,,,,,21.57,,,,1:20.15,,,,52.05,23.71,,6.57,,,,,
JJsrl,52.73,1:22.23,39.04,13.93,42.96,2:22.89,1:12.96,40.39,16.83,,,,,,,,55.98,17.91,14.71,48.38,30.81,58.65,,1:33.01,15.80,,,,,,,,1:28.18,,,,19.65,28.89,,,,,,58.47,44.68,29.02,34.65,54.13,,,28.52,1:20.24,12.64,,,,,,1:33.87,56.96,35.36,26.61,58.07,21.88,,,2:21.46,27.33,,,,,,55.81,28.68,47.51,1:39.63,,55.67,29.99,16.34,,,,,,43.36,,31.14,47.80,59.06,29.88,2:15.36,18.66,,,,,,,,,,22.20,,,1:19.98,,,,,,,,,,28.81,,
Paperario,51.33,1:22.52,39.18,14.14,43.42,2:17.77,1:13.16,40.10,16.05,,,,,,,,56.01,17.85,15.67,47.94,30.69,57.24,,,16.81,,,,,,,,,,,,,32.05,,,,,,,43.77,28.89,36.59,53.97,,,28.04,1:26.97,12.84,,,,,,1:41.32,56.68,35.02,26.9,59.74,23.98,,,,25.09,4:22.40,,,,,54.85,28.95,45.93,,,55.46,30.89,19.18,,,1:08.65,,,46.57,,30.66,45.69,55.71,,2:15.46,18.37,,,,,,,,,,,,,1:22.77,,,,,,,,,,27.61,,
Gohgo,53.39,1:22.11,39.09,13.90,43.17,2:22.73,1:12.24,41.66,16.10,,,,,,,,52.63,17.48,14.90,45.46,30.86,59.02,,1:33.01,15.20,,,,,,,,,,,,19.58,31.08,,,,,,57.62,42.07,28.68,36.92,54.67,,,,1:29.02,13.17,,,,,,1:37.34,57.99,35.61,25.39,1:00.42,23.97,,,,22.44/10.62,4:21.54,,,,,55.40,28.75,48,,,55.32,30.04,16.43,,,,,,45.20,,29.79,46.06,,30.02,2:15.69,18.97,,,,,,,,,,,,,1:24.51,,,,,,,,,,,,
SBlectric,,,39.23,13.99,44.61,,,41.29,16.08,1:03.62,,38.45,50.03,,2:23.73,,56.37,17.84,15.11,45.95,31.52,,,1:33.25,15.41,53.04,59.54,2:11.18,,,20.21,,1:19.33,,13.15,57.11,,25.78,,,39.05,2:33.81,,,,,35.72,55.58,46.96,,28.28,1:29.90,12.66,,42.06,1:25.51,1:33.71,,1:41.42,,36.05,28.38,,21.94,,,2:19.96,25.79,4:19.03,1:07.32,41.09,2:23.94,,56.31,29.89,46.69,1:39.44,,56.35,30.72,19.38,,30.96,1:09.12,1:46.73,,46.17,,30.86,,,,2:14.12,18.53,1:29.14,1:00.24,42.90,1:36.42,,,,1:29.14,23.22,,,,1:24.45,15.10,,,,,,7.90,28.21,,27.01,22.44,
Samura1man,,1:23.52,39.48,13.99,43.52,,1:13.75,40.53,16.00,,,,,,,,54.99,,15.01,46.79,30.85,57.54,,,15.34,,,,,,20.17,,1:13.97,,,,18.93,28.65,,,,,,57.82,43.83,28.85,33.96,53.97,,,28.14,,12.53,,,,,,1:39.59,56.99,35.29,27.47,59.00,24.04,,,,26.75,,,,,,55.24,29.09,,1:31.88,,56.09,31.22,16.04,,,,,,47.54,,30.78,45.96,,,2:15.62,18:10,,,,,,,,,,,,,1:20.58,,,,,,,,,,,,
Guy2308,,1:19.90,37.26,,43.58,,,,,59.84,,,,,2:21.09,,,16.81,15.11,44.62,,55.44,,,,46.24,,2:06.34,,,,,,,8.64,,,26.85,29.69,,41.19,2:27.47,,50.10,,,33.78,53.64,,,,1:28.88,,1:06.05,,,1:26.40,,1:31.72,,35.12,,,,,,,,,,,2:14.75,,,28.78,45.35,1:30.93,,53.35,30.85,,,29.89,,1:42.65,,,,29.29,,51.92,,2:16.36,,,,,1:35.58,,,,,,22.70,,,1:17.19,11.27,,-,,27.24,,,25.48,,,21.48,
Dutchj,,1:24.90,,14.03,44.13,2:22.19,1:14.57,41.24,16.10,,,,,,,,55.36,17.88,16.00,48.17,30.78,57.42,,1:33.18,16.80,,,,,,,,,,,,19.67,29.23,,,,,,57.90,44.32,29.14,36.95,53.30,,,28.85,1:28.45,12.61,,,,,,1:37.32,57.70,35.53,27.76,59.13,24.61,2:20.78,,2:20.23,26.95,,,,,,54.70,29.26,48.70,1:35.90,,55.91,30.75,19.71,,,,,,45.60,,30.49,46.06,57.48,31.45,2:15.53,18.31,,,,,,,,,,,,,1:24.03,,,,,,,,,,,,
Taggo,,1:23.21,37.84,14.19,45.87,2:21.01,1:13.70,40.29,17.33,,,,,,,,55.24,18.25,14.84,48.35,30.98,57.87,,1:33.83,16.61,,,,,,,,,,,,19.60,32.81,,,,,,56.90,43.79,28.84,40.89,57.54,,,28.21,1:28.47,13.20,,,,,,1:46.31,56.81,35.58,27.15,1:00.83,24.34,2:17.44,2:21.54,2:18.58,26.39,,,,,,59.02,29.54,44.55,1:37.27,14.65,59.24,33.61,18.90,,,,,,47.01,14.21,31.76,46.44,1:00.16,32.48,2:11.22,19.07,,,,,,,,,,,,,1:25.26,,,,,,,,,,,,
Snide,,,,13.86,,,1:10.92,38.19,16.00,,,,,,,,,16.61,15.09,45.57,30.02,,,1:34.01,15.00,,,,,,,,,,,,18.47,27.97,,,,,,,,,,53.73,,,27.76,,12.44,,,,,,,,,,,20.70,,,,,,,,,,,27.54,,,,,28.97,15.53,,,,,,,,,,,,,17.74,,,,,,,,,,,,,,,,,,,,,,,,,
Kaffelon,,1:19.84,37.78,13.83,42.83,,1:12.25,40.00,,,44.13,,,,,,50.06,,,46.26,30.28,,,1:33.18,,,,,,,,,,,,,,30.26,,42.96,,,,,,,34.52,54.54,,,28.18,1:27.53,,,,,,,1:44.92,56.78,,,,,,,,,4:26.17,,,,,54.17,28.79,47.09,,,53.85,30.55,,,,,,,,,32.68,,,,2:15.32,,,,,,,,,,,,,,,,,,,,,,,,,,
LuMardy,,,38.76,13.92,42.80,,,40.29,,,,,,,,,,16.81,14.30,46.20,29.99,57.31,,,,,,,,,,,,,,,,27.46,,,,,,,,28.75,34.49,,,,28.78,,,,,,,,,,35.49,,,,,2:33.51,,,,,,,,55.54,28.89,,,,54.11,29.91,,,,,,,,,30.31,,55.99,31.46,2:18.16,19:07,,,,,,,,,,,,,,,,,,,,,,,,,
HowToCantaloupe,53.26,1:25.27,39.43,14.03,45.77,2:20.31,1:15.22,41.05,16.14,,,,,,,,56.56,18.31,16.74,48.05,30.71,57.20,,1:33.01,16.86,,,,,,,,,,,,19.77,33.22,,,,,,,44.39,28.84,39.00,56.84,,,28.15,1:30.37,13.50,,,,,,1:30.63,,35.52,28.13,58.41,21.54,,,,,,,,,,1:00.59,29.92,49.28,,,58.95,31.48,,,,,,,47.20,,33.29,46.70,1:01.17,28.17,2:12.25,19.24,,,,,,,,,,,,,1:24.47,,,,,,,,,,,,
Pogonateur,55.63,1:24.49,38.95,14.17,46.83,2:32.21,1:13.28,39.09,16.07,1:11.92,,34.58,50.33,,3:11.18,,55.19,17.98,16:47,46.95,31.59,59.68,1:32.58,1:32.58,15.93,57.00,53.17,2:35.14,,50.49,20.81,1:58.91,1:18.22,1:13.03,14.28,1:35.41,19.84,30.53,35.02,,37.18,3:20.53,,1:04.07,44.55,29.10,41.89,57.48,53.08,1:01.79,28.52,1:29.95,13.21,2:02.40,35.32,1:25.30,2:00.03,,2:03.45,54.75,36.95,28.34,55.24,24:14,2:38.18,2:13.19,:(,11.22*,4:15.36,1:04.75,40.69,3:26.58,,1:03.79,32.36,50.99,1:55.43,14.78,1:04.56,31.72,16:39,1:25.04,44.07,1:03.91,2:11.62,,48.67,24.25,32.15,48.91,1:05.91,34.33,2:09.52,19.01,1:48.10,54.97,44.51,1:59.77,,,1:25.34,1:25.34,25.18,19.23,18.09,17.09,1:31.41,14.93,16.35,37.55,1:10.09,25.71,35.99,7.73,29.86,38.33,30.28,26.08,29.35
SidedWilliams,,,,,43.77,,,40.32,16.02,59.22,,,,,2:12.53,,53.31,,14.70,,,,,,,,,2:04.36,,,19.72,1:44.25,,,,53.22,,,,,,2:24.34,,,,,41.29,,41.22,,,,,,42.26,,1:27.67,,,54.29,35.49,,,,,,,,,,,,,55.51,29.64,42.15,1:37.16,,,31.05,,1:12.35,30.19,1:10.66,1:37.68,,,,30.28,,,,2:13.92,,1:19.71,,33.22,1:25.85,,,,,,22.83,,,,,,33.49,49.81,,,,27.79,,25.85,,
TheCeddyWithin,54.95,1:22.43,39.91,14.09,43.41,2:35.35,1:14.11,41.53,16.04,,,,,,,,54.39,18.55,14.73,49.68,31.39,,,,15.30,,,,,,,,,,,,18.67,28.79,,,,,,,44.31,,41.02,55:81,,,28.45,1:36.62,,,,,,,1:45.52,58.47,36.46,27.42,,24.77,,,,,,,,,,55.89,30.52,,1:38.08,,57.55,31.15,15.59,,,1:10.19,,,47.94,13.98,31.35,,,30.69,2:10.88,18.74,,,,,,,,,,,,,,,,,,,,,,,,,
Dobby,,1:22.67,,13.86,43.26,,,39.05,,,,,,,,,,,,,30.25,,,,,,,,,,,,,,,,,,,,,,,,,,36.39,53.49,,,27.82,1:20.58,,,,,,,,,34.65,,,21.04,,2:32.77,,,,,,,,54.04,28.46,,,,,30.19,,,,,,,,,,,,,,,,,,,,,,,,,,,,,,,,,,,,,,,
Nebuladiv,52.49,1:20.89,38.45,14.07,43.69,2:30.57,1:11.01,39.96,16.03,59.55,,38.15,1:01.71,50.14,2:12.15,,,,14.76,,,,,,,49.03,1:00.01,2:04.21,,,,,,54.94,,57.00,,,31.39,,41.52,2:30.90,,,,,39.03,,,,28.15,1:22.96,,,42.09,,1:27.47,,,,,24.53,,,,,,,4:21.67,,,2:12.90,,55.65,,,,,54.09,,,1:14.81,31.12,1:08.62,1:47.26,,,,,,,28.34,,,1:26.01,,41.14,1:30.87,,,,,,,,,1:17.59,11.91,,33.92,,,,,,,,,25.35
Kwaniza,,,,,,,,,,,,,,,,,,,,,,,,,,,,,,,,,,,,,,,,,,,,,,,,,,,,,,,,,,,,,,,,,,,,,,,,,,,,,,,,,,,,,,,,,,,,,,,,,,,,,,,,,,,,,,,,,,,,,,,
Rimato13,,,,13.97,42.73,,,,16.06,,,,,,,,,,14.80,45.95,,,,,,,,,,,,,,,,,18.54,30.45,,,,,,49.51,,28.98,39.88,54.51,,,28.26,,13.20,,,,,,,,,,,,,,2:24.10,,,1:10.12,,2:23.81,,54.35,28.56,46.12,,,54.36,,,,,,1:44.39,,45.50,,29.92,46.00,,,2:16.86,,,,40.76,,,,,,,,,,,,,,,,,,,,,,
Danieru,,1:19.83,,13.96,43.49,,,,,,,,,,,,,,14.86,,,,,,,,,,,,,,,,,,,,,,,,,,,,,,,,28.56,,,,,,,,1:39.14,,35.26,,,,,,,,,1:08.58,,,,54.22,28.68,,,,52.89,30.71,,,,,,,,,29.59,45.73,,,2:16.26,,,,,,,,,,,,,,,,,,,,,,,,,,
Noki Doki,,1:26.69,40.66,14.67,46.70,2:18.69,1:16.29,41.59,16.61,,,,,,,,56.23,24.79,16.00,50.90,33.38,59.34,,1:33.81,16.97,53.98,,,,45.19,19.98,,,,,,19.67,32.66,,,,,,1:02.32,44.55,29.48,45.56,57.14,51.40,,29.89,1:23.99,13.29,,,,2:29.60,,1:45.28,41.97*,36.55,27.91,43.30*,21.44,2:31.00,2:27.40,,11.53*,,,,,,1:01.79,32.89,49.13,1:45.78,16.28,1:03.00,36.89,19.77,,,,,,48.28,14.35,34.69,48.10,1:03.84,34.65,2:06.98,18.93,,,,2:45.76,,43.83,,,,,,,1:33.11,,15.91,,,,,,,,57.70,,
RSW,54.83,1:29.42,42.30,14.60,46.61,2:37.25,1:17.25,41.52,16.03,1:30.35,,32.11,40.92,,3:02.75,,57.88,19.64,16.80,51.81,31.98,1:00.21,,1:32.64,15.80,53.17,52.67,2:45.25,,44.01,20.08,1:57.92,,1:07.63,,,20.30,33.13,32.09,,34.78,3:15.02,,59.49,,,42.03,56.64,,,30.45,1:37.50,13.77,,34.65,1:15.46,2:01.37,,,59.77,36.59,28.43,1:03.58,24.67,,,,,4:17.83,1:03.61,34.21,3:08.32,,1:01.86,31.44,50.83,1:47.37,,1:07.80,36.68,19.74,1:25.30,,1:01.34,1:58.64,,55.08,14.18,,53.29,1:02.81,34.29,2:10.12,,1:42.69,43.89,,1:59.54,,,,1:25.44,26.69,21.49,,,1:36.29,12.74,,,1:08.50,24.06,35.23,7.93,28.51,45.16,27.87,29.65,27.91
Carpenter,,1:22:52,38.31,14.30,45.77,,1:16.18,41.72,16.17,,,,,,,,55.33,18.81,16.08,50.39,32.66,58.70,,1:33.34,16.20,,,,,,,,,,,,19.94,31:92,,,,,,58.48,44.66,,42.63,57.13,,,30.52,1:38.20,13.17,,,,,,1:48.01,58.38,37.09,27.59,1:01.41,24.84,,2:25.25,,26.95,,,,,,1:00.91,31.85,48.27,1:45.11,,59.39,33.64,18.97,,,,,,48.01,,34.36,47.30,1:02.19,,2:09.20,19.15,,,,,,,,,,,,,1:35.31,,,,,,,,,,,,
scorpionSR,,,39.25,14.00,44.30,,,41.25,17.94,,,,,,,,,17.41,16.96,"48,19",31.12,,,,16.96,,,,,,,,,,,,18.27 ,39.49,,,,,,,45.21,29.21,41.83,,55.98,,27.76,,13.46,,34.41,,,,,1:24.59,36.09,31.90,,22.04,,2:14.96,,,,,,,,59.05,30.54,,,13.88,,30.85,19.67,,,,,,46.94,",",32.62,,,,2:12.45,18.67,,,,,,,,,,,,,,,,,,,,,,,,,
Libre,,1:25.25,40.64,14.23,46.70,2:26.30,1:15.33,41.19,16.07,,,,,,,,56.74,18.35,15:45,47:68,31.55,58.24,,1:32.94,16.86,,,,,,,,1:18:60,,,,19.70,33:71,,,,,,58.97,44.78,29.32,35:85,56.74,48.14,,29:54,1:31:25,13.19,,34.58,1:15.68,,,1:35:80,57.01,36.89,26:41,1:00:20,24.78,,2:26.41,,26.98,4:13.69,1:04.68,37.68,,,56.84,29.65,49.32,1:39:79,,57:53, ,18.98,,,,,,49.23,,31.54,47.63,1:10.83,,2:10.02,18.81,,,,,,,,,,,,,1:24.83,,,,,,,,,,,,
Pancakez,,1:26.45,,13.99,42.94,,,41.79,,,,,,,,,56.32,17.48,16.95,,30.56,,,,,,,,,,,,,,,,19.86,,,,35.58,,,,,29.15,38.57,56.57,,,28.16,1:34.19,13.17,,,,,,,,37.07,,,24.91,,,,,,,,,,1:01.06,,,,,,30.69,19.71,,,,,,,,,,,31.09,2:14.89,,,,,,,,,,,,,,1:34.12,,,,,,,,,,30.16,,
1UpsForLife,,1:26.18,40.43,,46.34,,,,,,,38.42,51.17,,,,56.61,18.18,15.53,48.72,,1:00.04,1:37.58,,,,59.24,,,,,,,,13.98,,,37.29,,41.12,,,,,,,41.07,,,,,1:35.43,,,41.62,1:25.51,,,,,36.75,,,24.64,,2:29.90,2:20.78,,4:25.17,1:09.15,44.53,,,,,,,,1:01.98,33.64,,,,1:06.99,,,48.27,,34.42,,1:03.20,,2:13.76,,,1:01.28,,,,,1:33.01,,,22.00,20.13,19.60,1:26.67,,,,,27.28,,,,,32.65,,
Sarcrai,50.64,1:21.60,37.31,13.97,,,,,,,,,,,,,54.87,16.91,,,,,,,16.66,,,,,,,,,,,,19.44,,,,,,,,43.96,,,53.03,,,,,,,,,,,,,,23.65,,,,,,,,,,,,,28.86,,,,,,,,,,,,,,,45.92,,,,,,,,,,,,,,,,,,,,,,,,,,,,,
scatter,,1:26.57,39.92,14.04,48.14,2:20.22,1:15.71,42.13,17.04,,,,,,,,56.51,17.45,17.41,49.11,31.05,58.47,,1:33.05,16.74,,,,,,,,,,,,19.74,30.31,,,,,,59.81,44.64,29.15,43.09,56.97,,,28.99,1:44.87,,,,,,,,,37.16,,,25.08,,,2:18.16,28.70,,,,,,,,,,,,,19.97,,,,,,,,,47.27,,,2:11.92,19.14,,,,,,,,,,,,,,,,,,,,,,,,,
Basten,53.54,1:24.82,39.13,14.03,46.61,,,41.42,,,,,,,,,55.38,,18.48,,31.23,,,,,,,,,,,,,,,,19.81,,,,,,,,,,,57:01,,,,1:34:81,,,,,,,,57.28,35.55,,,24.41,,,,,,,,,,56.81,30.29,,,,,30.75,18.93,,,,,,,,31.15,,,,,,,,,,,,,,,,,,,,,,,,,,,,,,
OptimisticEmo,,1:28.70,,,45.37,,1:14.77,41.33,16.10,,,,41.93,,,,,18.01,15.56,,31.16,,,1:33.01,,,,,,,20.95,,,,,,19.83,,,,35.21,,,,,,42.30,57.77,,,28.75,,,,,,,,,59.32,37.62,,,24.64,,2:29.57,,,,,,,,,,,1:51.20,,,,,,,,,,49.81,,32.62,,,,2:11.02,18.93,,,,,,,,,,,,,,,,,,,,,,,28.85,,
Evan44,,,,13.87,42.66,,,,,,,,,,,,50.60,,,,,57.80,,,,,,,,,,,,,,,,,,,,,,,,,,,,,,,,,,,,,,,35.19,,,23.80,,,,,,,,,,,,,,,,,,,,,,,,,,,,,,,,,,,,,,,,,,,,,,,,,,,,,,,
Harusrl,53.73,1:25.18,37.82,14.03,47.78,2:25.72,1:15.73,43.50,19.41,,,34.38,48.67,,,,54.36,18.95,16.95,49.13,,,,,,,,,,,22.49,,,,,,,,,,,3:48,,,,,,,,,30.79,,,,,,,,,,,,,,,,,,,,,,,,,,,,,30.85,,,,1:07,,,,,,,,,2:07.25,,,,,,,,,,,,,,,,,,,,,,,,,,
GrinchSMB,,,40.45,14.33,48.17,,1:16.01,,,,,,,,,,56.85,17.25,17.02,49.56,30.45,59.13,,,,,,,,,,,,,,,,,,,,,,,,,,,,,,1:41.78,,,,,,,1:44.33,57.62,36.39,,1:01.62,24.60,,,,,,,,,,,,,,,,32.28,,,,,,,,,,,,,,,,,,,,,,,,,,,,,,,,,,,,,,,
Gainai,,1:27.56,40.72,13.97,47.77,,1:16.43,,16.11,,,,,,,,57.80,,,51.59,,59.95,,,,,,,,,,,,,,,,,,,,,,,,,,58.38,,,27.84,1:32.24,13.43,,,,,,,,38.43,,,,,,,,,,,,,1:02.45,,,,,59.37,30.68,,,,,,,,,,,,,,,,,,,,,,,,,,,,,,,,,,,,,,,
ShadowMario27,,,,,43.66,,,,,58.29,,,,,,,,,14.77,,,,,,,,,,,,,,,,,,,,,,,,,,,,,,,,,,,,,,,,,,,26.37,,,,,,,,,,,,,,46.51,,,,,,,,,,,,,,,,,2:15.66,,,,,,,,,,,,,,,,,,,,,,,32.11,25.28,,
Wilko,51.39,1:24.09,39.53,13.96,44.77,,,,16.03,,,,,,,,,18.38,16.86,,,,,,,,,,,,,,,,,,,,,,,,,,,,,,,,,,,,,,,,,,,,,,,,,,,,,,,,,,,,,,,,,,,,,,,,,,,,,,,,,,,,,,,,,,,,,,,,,,,,
Kydi,53.30,1:51.39,38.44,13.88,1:08.35,,,49.88,16.38,,,26.76,32.12,,,,1:03.68,,16.01,,,,,,17.49,1:42.00,45.24,,,,31.16,,,,,,,29.82,,,27.72,,,,,29.96,,,55.28,,32.00,,,,,,,,2:22.63,,,29.63,,27.92,,,,,,,,,,,,,,,,51.00,,,,,,,54.47,,,,,,,,,,,,,,,,,,,,,,,,,,,8.61,40.97,,,,38.33
Bramz,54.29,1:29.04,41.11,14.81,47.68,,,,,1:13.82,,,,,2:46.96,,57.49,,17.36,50.92,,,,,,,57.18,2:27.57,,44.45,,,,,,,,,,,39.09,2:57.62,,,,,,,,,29.65,,,,35.58,,,,,,37.05,28.72,,25.78,,,,,,1:06.95,40.65,2:45.52,,,,,,,,33.78,,,,1:03.75,2:14.64,,,,,,,,2:10.72,,,,,1:58.62,,,,,,21.16,,,,,,,,,,,,,34.04,,
Tareq,,,,,43.09,,,,15.97,,,,,,,,,,,,,,,,,,,,,,,,,,,,19.51,,,,,,,,,,,,,,,,,,,,,,,,,,,26.44,,,,,,,,,,,,,,,,,17.99,,,,,,,,,,,,2:00.56,,,,,,,,,,,,,,,,,,,22.77,,,,,,,
Dogecyanide,,1:25.31,,14.09,47.77,,,,,,,,,,,,,,,50.03,,,,,,,,,,,,,,,,,,27.25,,,,,,,,,52.77,,,,,,,,,,,,,,35.83,,,24.18,,,,,,,,,,,33.98,,,,,31.38,,,,,,,,,,,,,,,,,,,,,,,,,,,,,,,,,,,,,,,
Arle Nadja,,,,,,,,,,,,,,,,,50.25,,,,,55.41,,1:34.08,,45.60,,,,,,,,,,,,,,,,,,,,,,,,,,,,,,,,,,,,,,,,,,,,,,,,,,,,,,,,,,,,,,,,,,,,,,,,,,,,,,,,,,,,,,,,,,,,,
The Island,,,,,,,,41.30,,,,,,,,,,,,,,,,,,,,,,,,,,,,,,,,,,,,, ,29.05,,,,,28.42,,,,,,,,,,36:87,,,,,,,,,,,,,,,,,,,28.84,,,,,,,,,31.26,,,,,,,,,,,,,,26:08,,,,,,,,,,,,,,,,
Psychonauter,54.78,1:25:16,40.82,14.81,51.87,2:27.03,1:22:19,,,,,,,,,,56.96,19.63,17.47,53.16,34.79,58.79,,1:32.21,17.03,50.33,,,,,,,,,,,,,,,,,,,44.83,,,,47.47,,,,,,,,,,1:38.22,1:02.85,38.93,,,26.04,,,,,,,,,,,,,,,,,,,,,,,49.03,,,,,,,,,,,,,,,,,,,,,,,,,,,,,,,,
Sophi,,1:27.73,39.64,14.60,51.65,,,,17.11,,,,,,,,58.97,,17.45,53.66,31.16,1:02.11,,,17.11,,,,,,,,,,,,20.68,40.05,,,,,,,,,,,,,,,,,,,,,1:44.66,,,,,,,,,,,,,,,,,,,,,,20.01,,,,,,53.21,15.05,36.39,,1:07.50,,1:50.57,,,,,,,,,,,,,,,,,,,,,,,,,,
Ricrexx,,,,,,,,,16.17,,,,,,,,,,16.33,,,,,,15.23,,,,,,,,,,,,,,,,,,,,,29.11,,,,,,,,,,,,,,,,,,,,,,,,,,,,,,,,,,,15.80,,,,,,,,,,,,,,,,,,,,,,,,,,,,,,,,,,,,,,
Gr√©goire,,,,,,,,,16.01,,,,,,,,,,,,,,,,,,,,,,,,,,8.57,,,,,,,,,,,,,,,,,,,,,,,,,,,,,,,,,,,,,,,,,,,11.98,,,,,,,,,,12.74,,,,,,,,,,,,,,,,,,,,,15.59,,,,,,,,,,
melch,,,,,,,,,,,,,,,,,,,,,,,,,,,,,,,,,,,,,,,,,,,,,,,,,,,27.21,,,,,,,,,,35.16,,,,,,,,,,,,,,,,,,,,,,,,,,,,,,,,,,,,,,,,,,,,,,,,,,,,,,,,,,
Switchmaster,,,,,44.11,,,,,,,,,,,,,,,,,,,,,,,,,,,,,,,,,,,,,,,,,,,,,,28.92,1:29.15,,,,,,,,,37.17,,,,,,,,,,,,,,,,,,,33.33,,,,,,,,,,,,,2:10.22,,,,,,,,,,,,,,,,,,,,,,,,,,
Knirgesh,54.28,1:28.12,40.66,14.23,48.16,,1:16.87,41.83,,,,,,,,,,20.45,,,32.17,,,,,,,,,,,,,,,,,,,,,,,,,,,,,,,,,,,,,,,,35.85,,,,,,,,,,,,,,,,,,,,,,,,,,,,,,,,,,,,,,,,,,,,,,,,,,,,,,,,,,
Lucario,,,,,,,,,,,,39.79,,,,,,,,,,,,,,,1:00.88,,,,,,,,,,,,,,,,,,,,,,,,,,,,,,,,,,,,,,,2:28.00,,,,,44.39,,,,,,,,,,,,,,,,,,,,,,2:12.32,,,,,,,,,,,,21.01,,,,,,,,,,,,,,
DDoS,,,,,,,,,16.00,,,,,,,,,,16.10,,,,,,,,,,,,,,,,,,,,,,,,,,,,,,,,,,,,,,,,,,,,,,,,,,,,,,,,,,,,,,,,,,,,,,,,,,,,,,,,,,,,,,,,,,,,,,,,,,,,
Bloodwhale,,,,,46.33,,,,,,,,,,,,,,,,,,,,,,,,,,,,,,,,,,,,,,,,,,,,,,28.85,,,,,,,,,,,,,,,,,,,,,,,,30.65,,,,,31.48,,,,,,,,,,,,,,,,,,,,,,,,,,,,,,,,,,,,,,,
Orange,,,,,,,,,,,,,,,,,,16.31,,,,,,,,,,,,,,,,,,,,,,,,,,,,,,,,,,,,,,,,,,,,,,,1:54.53,,,,,,,,,,,,,,,,,,,,,,,,,,,,,,,,,,,,,,,,,,,,,,,,,,,,,,
Syrup,,,,,,,,,,,,,,,,,,,,,,,,,,,,,,,,,,,,,,,,,,,,,,,,,,,,,,,,,,,,,,,,,,,,,,,,,,,,,,,,,,,,,,,,,,,,,2:19.23,,,,,,,,,,,,,,,,,,,,,,,,,,
Chosen,,,,,,,,,,,,,,,,,,,,,,,,,,,,,,,,,,,,,,,,,,,,,,,,,,,,,,,,,,,,,,,,,,2:32.80,2:29.17,,,,,,,,,,,,,,,,,,,,,,,,,,,,,,,,,,,,,,,,,,,,,,,,,,,,
Saro,,,,,,,,,,,,,,,,,,,,,,,,,,,,,,,,,,,,,,,,,,,,,,,,,,,,,,,,,,,,,,,,,,,,,,,,,,,28.63,,,,,,,,,,,,,,,,,,,,,,,,,,,,,,,,,,,,,,,,,,,,
Nanashi,,,,,,,,,,,,,,,,,,,,,,,,,,,1:01.68,,,,,,,,,,,,,,,,,,,,,,,,,,,,,,,,,,,,,,,,,,,,,,,,,,,,,,,,,,1:41.09,,,,,,,,,,,,,,,,,,,,,,,,,,,,,,,,,,
galapagos,,,,,,,,,,,,,,,,,,,,,,,,,,,,,,,,,,,,,,,,,,,,,,,,,,,,,,,,,,,,,,,,,,,,,,,,,,,,,,,,,,,,,,,,,,,,,,,,,,,,,,,,,,,,,,,,,,,,,21.90,,
Zelpiku,,,,,,,,,,,,,,,,,,,,,,,,,,,,,,,,,,,,,,,,,,,,,,,,,,,,,,,,,,,,,,,,,,,,,,,45.03,,,,,,,,,,,,,,,,,,,,,,,,,,,,,,,,,,,,,,,,,,,,,,,,
dapperPenguino,,,,,,,,,,,,,,,,,,,,,,,,,,,1:01.05,,,,,,,,,,,,,,,,,,,,,,,,,,,,,,,,,,,,,,,,,,,,,,,,,,,,,,,,,,,,,,,,,,,,,,,,,,,,,,,,,,,,,,,,,,,,
UrinalMike,,,,,,,,,,,,,,,,,,,,,,,,,,,,,,,,,,,,,,,,,,,,,,,,,,,,,,,,,,,,,,,,,,,,,,,,,,,,,,,,31.89,,,,,,,,,,,,,,,,,,,,,,,,,,,,,,,,,,,,,,,
osumnall,,1:42.41,,,,,,,,,,,,,,,,,,,,,,,,,,,,,,,,,,,,,,,,,,,45.53,,,,,,,,,,,,,,,,,,,,,,,,,,,,,,,,,,,,,,,,,,54.18,,,,,,,,,,,,,,,,,,,,,,,,,,,,,,,,
Zophos,,,,14.74,,,,,,,,,,,,,,,,,,,,,,,,,,,,,,,,,,,,,,,,,,,,,,,,,,,,,,,,,,,,,,,,,,,,,,,,,,,,,,,,,,,,,,,,,,,,,,,,,,,,,,,,,,,,,,,,,,,
Nido,,,,17.44,,,,1:01.94,,,,,,,,,,,,,,,,,,,,,,,,,,,,,,,,,,,,,,44.06,,,,,1:10.49,,,,,,,,,,,,,,,,,,,,,,,,,,,,,,,,,,,,,,,,,,,,,,,,,,,,,,,,,,,,,,,,,,,,
Kaminari,,,,,,,,,,,,,,,,,,,,,,,,,,,,,,,,,,,,,,,,,,,,,,,,,,,,,,,,,,,,,,,,,,,,,,,,,,,,,,,,,,,,,,,,,,,,,,,,,,,,,,,,,,,,,,,,,,,,,,,
Conker,,,,,,,,,,,,,,,,,,,,,,,,,,,,,,,,,,,,,,,,,,,,,,,,,,,,,,,,,,,,,,,,,,,,,,,,,,,,,,,,,,,,,,,,,,,,,,,,,,,,,,,,,,,,,,,,,,,,,,,
shoutplenty,,,,,,,,,,,,,,,,,,,,,,,,,,,,,,,,,,,,,,,,,,,,,,,,,,,,,,,,,,,,,,,,,,,,,,,,,,,,,,,,,,,,,,,,,,,,,,,,,,,,,,,,,,,,,,,,,,,,,,,